Age,Sex,ChestPainType,RestingBP,Cholesterol,FastingBS,RestingECG,MaxHR,ExerciseAngina,Oldpeak,ST_Slope
52,Male,typical angina,130,250,True,normal,170,False,1.0,upsloping
61,Female,asymptomatic,140,260,False,ST-T wave abnormality,150,True,2.3,flat
45,Male,non-anginal pain,120,220,False,normal,160,False,0.0,downsloping
58,Female,atypical angina,135,240,True,left ventricular hypertrophy,155,True,1.5,flat
75,Male,asymptomatic,180,400,True,ST-T wave abnormality,90,True,6.5,downsloping
68,Female,asymptomatic,170,390,True,left ventricular hypertrophy,85,True,5.8,downsloping
80,Male,asymptomatic,200,420,True,ST-T wave abnormality,70,True,7.2,downsloping
72,Female,asymptomatic,160,410,True,left ventricular hypertrophy,95,True,6.0,downsloping
65,Male,asymptomatic,150,350,True,ST-T wave abnormality,100,True,4.5,downsloping
